Tmin, 10, 
CP, TSUPPLY, TTARGET
1.192436872, 20, 20.04785
445.4378772, 93.7903, 150
9630.882811, 124.8503, 620
1262.287059, 20, 620
12250, 620, 2
0.629247121, 2, 2.060836
989.7746814, 0.547123, 150
525.2255639, 20, 150
1636.59097, 150, 25
25.38888889, 25, 23.10098
7.651763836, 25, 150
957.2261836, 20, 100
237.3950425, 56.40, 96.02
111.4481956, 61.796, 80
78.2008825, 15.74164, 80
1.250064833, 33.64892, 33.73462
66.47183822, 96.18975, 80