Tmin, 10, 
CP, TSUPPLY, TTARGET
18.788257, 124.918722, 498
2.133744, 719.063689, 620
17.831637, 500.753518, 2
0.093274, 129.316828, 620
