Tmin, 10, 
CP, TSUPPLY, TTARGET
18.788257, 124.918722, 498
2.133744, 719.063689, 620
17.831637, 500.753518, 2
0.093274, 129.316828, 620
7.042276, 7.011657, 150
13.077625, 150, 25
0.074072, 24.999994, 150
8.149016, 99.634877, 150
4.160365, 838.1983484, 150
13.073842, 191.510967, 100
4.007534, 19.064709, 80
6.162828, 64.353181, 80
4.858099, 97.219482, 80