Tmin, 10, 
CP, TSUPPLY, TTARGET
7.042276, 7.011657, 150
13.077625, 150, 25
0.074072, 24.999994, 150
8.149016, 99.634877, 150
4.160365, 838.1983484, 150