Tmin, 10, 
CP, TSUPPLY, TTARGET
13.073842, 191.510967, 100
4.007534, 19.064709, 80
6.162828, 64.353181, 80
4.858099, 97.219482, 80